<?xml version="1.0" encoding="utf-8" ?>
<odoo>

    <!--
    Resource: res.partner
    -->
    <record id="base.res_partner_1" model="res.partner">
        <field name="legal_name">Wood Corner</field>
    </record>

    <record id="base.res_partner_2" model="res.partner">
        <field name="legal_name">Deco Addict</field>
    </record>

    <record id="base.res_partner_3" model="res.partner">
        <field name="legal_name">Gemini Furniture</field>
    </record>

    <record id="base.res_partner_4" model="res.partner">
        <field name="legal_name">Ready Mat</field>
    </record>

    <record id="base.res_partner_10" model="res.partner">
        <field name="legal_name">The Jackson Group</field>
    </record>

    <record id="base.res_partner_12" model="res.partner">
        <field name="legal_name">Azure Interior</field>
    </record>

    <record id="base.res_partner_18" model="res.partner">
        <field name="legal_name">Lumber Inc</field>
    </record>

</odoo>
