<?xml version="1.0" encoding="utf-8" ?>
<!--
  Copyright (C) 2024-Today - Akretion (<http://www.akretion.com>).
  @author Magno Costa <magno.costa@akretion.com.br>
  License AGPL-3.0 or later (http://www.gnu.org/licenses/agpl).
-->
<odoo noupdate="1">

    <!-- Códigos de Desconto Santader -->
    <!-- 240 -->
    <record id="santander_240_boleto_discount_code_0" model="l10n_br_cnab.code">
        <field name="name">ISENTO</field>
        <field name="code">0</field>
        <field name="code_type">discount_code</field>
        <field name="bank_ids" eval="[(6,0,[ref('l10n_br_base.res_bank_033')])]" />
        <field
            name="payment_method_ids"
            eval="[(6,0,[ref('payment_mode_type_cnab240')])]"
        />
    </record>

    <record id="santander_240_boleto_discount_code_1" model="l10n_br_cnab.code">
        <field name="name">Valor fixo ate a data informada</field>
        <field name="code">1</field>
        <field name="code_type">discount_code</field>
        <field name="bank_ids" eval="[(6,0,[ref('l10n_br_base.res_bank_033')])]" />
        <field
            name="payment_method_ids"
            eval="[(6,0,[ref('payment_mode_type_cnab240')])]"
        />
        <field
            name="comment"
        >Informar o valor no campo “valor de desconto a ser concedido”.
        </field>
    </record>

    <record id="santander_240_boleto_discount_code_2" model="l10n_br_cnab.code">
        <field name="name">Percentual ate a data informada</field>
        <field name="code">2</field>
        <field name="code_type">discount_code</field>
        <field name="bank_ids" eval="[(6,0,[ref('l10n_br_base.res_bank_033')])]" />
        <field
            name="payment_method_ids"
            eval="[(6,0,[ref('payment_mode_type_cnab240')])]"
        />
        <field
            name="comment"
        >Informar o percentual no campo “percentual de desconto a ser concedido”
        </field>
    </record>

    <record id="santander_240_boleto_discount_code_3" model="l10n_br_cnab.code">
        <field
            name="name"
        >Valor por antecipação por dia corrido - Informar o valor no campo “valor de desconto a ser concedido”</field>
        <field name="code">3</field>
        <field name="code_type">discount_code</field>
        <field name="bank_ids" eval="[(6,0,[ref('l10n_br_base.res_bank_033')])]" />
        <field
            name="payment_method_ids"
            eval="[(6,0,[ref('payment_mode_type_cnab240')])]"
        />
    </record>

    <record id="santander_240_boleto_discount_code_4" model="l10n_br_cnab.code">
        <field name="name">Valor por antecipação dia útil</field>
        <field name="code">4</field>
        <field name="code_type">discount_code</field>
        <field name="bank_ids" eval="[(6,0,[ref('l10n_br_base.res_bank_033')])]" />
        <field
            name="payment_method_ids"
            eval="[(6,0,[ref('payment_mode_type_cnab240')])]"
        />
        <field
            name="comment"
        >Informar o valor no campo “valor de desconto a ser concedido”.
        </field>
    </record>

</odoo>
