<?xml version="1.0" encoding="utf-8" ?>
<!--
  Copyright (C) 2024-Today - Akretion (<http://www.akretion.com>).
  @author Magno Costa <magno.costa@akretion.com.br>
  License AGPL-3.0 or later (http://www.gnu.org/licenses/agpl).
-->
<odoo noupdate="1">

    <!-- Código de Desconto Sicredi -->
    <!-- 240 -->
    <record id="sicred_240_boleto_discount_code_1" model="l10n_br_cnab.code">
        <field name="name">Valor fixo até a data informada</field>
        <field name="code">1</field>
        <field name="code_type">discount_code</field>
        <field name="bank_ids" eval="[(6,0,[ref('l10n_br_base.res_bank_748')])]" />
        <field
            name="payment_method_ids"
            eval="[(6,0,[ref('payment_mode_type_cnab240')])]"
        />
        <field
            name="comment"
        >Para os códigos '1' e '2', será obrigatório a informação da data.
        </field>
    </record>

    <record id="sicred_240_boleto_discount_code_2" model="l10n_br_cnab.code">
        <field name="name">Percentual até a data informada</field>
        <field name="code">2</field>
        <field name="code_type">discount_code</field>
        <field name="bank_ids" eval="[(6,0,[ref('l10n_br_base.res_bank_748')])]" />
        <field
            name="payment_method_ids"
            eval="[(6,0,[ref('payment_mode_type_cnab240')])]"
        />
        <field
            name="comment"
        >Para os códigos '1' e '2', será obrigatório a informação da data.
        </field>
    </record>

    <record id="sicred_240_boleto_discount_code_3" model="l10n_br_cnab.code">
        <field name="name">Valor por antecipação dia corrido</field>
        <field name="code">3</field>
        <field name="code_type">discount_code</field>
        <field name="bank_ids" eval="[(6,0,[ref('l10n_br_base.res_bank_748')])]" />
        <field
            name="payment_method_ids"
            eval="[(6,0,[ref('payment_mode_type_cnab240')])]"
        />
        <field
            name="comment"
        >Quando utilizado o desconto “3 – Valor por antecipação dia corrido” só
         poderá ser enviada uma regra para desconto, ou seja, não poderá  ser
         enviado as regras dos descontos 2 e 3 (Desc2 e Desc3 do segmento R).
        </field>
    </record>

    <record id="sicred_240_boleto_discount_code_7" model="l10n_br_cnab.code">
        <field name="name">Cancelamento de desconto</field>
        <field name="code">7</field>
        <field name="code_type">discount_code</field>
        <field name="bank_ids" eval="[(6,0,[ref('l10n_br_base.res_bank_748')])]" />
        <field
            name="payment_method_ids"
            eval="[(6,0,[ref('payment_mode_type_cnab240')])]"
        />
        <field
            name="comment"
        >O '7' somente será válido para o código de movimento '31' - Alteração
de dados.
        </field>
    </record>

</odoo>
