<?xml version="1.0" encoding="utf-8" ?>
<!--
  Copyright (C) 2025-Today - Akretion (<http://www.akretion.com>).
  @author Magno Costa <magno.costa@akretion.com.br>
  License AGPL-3.0 or later (http://www.gnu.org/licenses/agpl).
-->
<odoo noupdate="1">

    <!-- Código de Desconto Banco do Brasil 240 -->

    <!-- A Documentação não informa a Descrição dos Códigos
    https://www.bb.com.br/docs/pub/emp/empl/dwn/CNAB240SegPQRSTY.pdf
    Estamos deduzindo que é referente ao "Padrão FEBRABAN"
    https://cmsarquivos.febraban.org.br/Arquivos/documentos/PDF/Layout%20padrao%20CNAB240%20V%2010%2011%20-%2021_08_2023.pdf
    -->

    <record id="brasil_240_boleto_discount_code_1" model="l10n_br_cnab.code">
        <field name="name">Valor Fixo Até a Data Informada</field>
        <field name="code">1</field>
        <field name="code_type">discount_code</field>
        <field name="bank_ids" eval="[(6,0,[ref('l10n_br_base.res_bank_001')])]" />
        <field
            name="payment_method_ids"
            eval="[(6,0,[ref('payment_mode_type_cnab240')])]"
        />
        <field
            name="comment"
        >Para os códigos '1' e '2' é obrigatório a informação dos demais campos referentes ao desconto, caso contrário, o registro do título será recusado.
        </field>
    </record>

    <record id="brasil_240_boleto_discount_code_2" model="l10n_br_cnab.code">
        <field name="name">Percentual Até a Data Informada</field>
        <field name="code">2</field>
        <field name="code_type">discount_code</field>
        <field name="bank_ids" eval="[(6,0,[ref('l10n_br_base.res_bank_001')])]" />
        <field
            name="payment_method_ids"
            eval="[(6,0,[ref('payment_mode_type_cnab240')])]"
        />
        <field
            name="comment"
        >Para os códigos '1' e '2' é obrigatório a informação dos demais campos referentes ao desconto, caso contrário, o registro do título será recusado.
        </field>
    </record>

    <record id="brasil_240_boleto_discount_code_3" model="l10n_br_cnab.code">
        <field name="name">Valor por Antecipação Dia Corrido</field>
        <field name="code">3</field>
        <field name="code_type">discount_code</field>
        <field name="bank_ids" eval="[(6,0,[ref('l10n_br_base.res_bank_001')])]" />
        <field
            name="payment_method_ids"
            eval="[(6,0,[ref('payment_mode_type_cnab240')])]"
        />
        <field
            name="comment"
        >Se for informado desconto tipo 3, os campos 8.3R a 13.3R (Segmento R) não deverão ser preenchidos.
        </field>
    </record>

</odoo>
