<?xml version="1.0" encoding="utf-8" ?>
<!--
  Copyright (C) 2025-Today - Akretion (<http://www.akretion.com>).
  @author Magno Costa <magno.costa@akretion.com.br>
  License AGPL-3.0 or later (http://www.gnu.org/licenses/agpl).
-->
<odoo noupdate="1">

    <!-- Código de Protesto Banco Bradesco -->
    <!-- 240 -->
    <record id="bradesco_240_boleto_protest_code_1" model="l10n_br_cnab.code">
        <field name="name">Protestar Dias Corridos</field>
        <field name="code">1</field>
        <field name="code_type">protest_code</field>
        <field name="bank_ids" eval="[(6,0,[ref('l10n_br_base.res_bank_237')])]" />
        <field
            name="payment_method_ids"
            eval="[(6,0,[ref('payment_mode_type_cnab240')])]"
        />
    </record>

    <record id="bradesco_240_boleto_protest_code_2" model="l10n_br_cnab.code">
        <field name="name">Protestar Dias Úteis</field>
        <field name="code">2</field>
        <field name="code_type">protest_code</field>
        <field name="bank_ids" eval="[(6,0,[ref('l10n_br_base.res_bank_237')])]" />
        <field
            name="payment_method_ids"
            eval="[(6,0,[ref('payment_mode_type_cnab240')])]"
        />
    </record>

    <record id="bradesco_240_boleto_protest_code_3" model="l10n_br_cnab.code">
        <field name="name">Não Protestar</field>
        <field name="code">3</field>
        <field name="code_type">protest_code</field>
        <field name="bank_ids" eval="[(6,0,[ref('l10n_br_base.res_bank_237')])]" />
        <field
            name="payment_method_ids"
            eval="[(6,0,[ref('payment_mode_type_cnab240')])]"
        />
    </record>

    <record id="bradesco_240_boleto_protest_code_4" model="l10n_br_cnab.code">
        <field name="name">Protestar Fim Falimentar - Dias Úteis</field>
        <field name="code">4</field>
        <field name="code_type">protest_code</field>
        <field name="bank_ids" eval="[(6,0,[ref('l10n_br_base.res_bank_237')])]" />
        <field
            name="payment_method_ids"
            eval="[(6,0,[ref('payment_mode_type_cnab240')])]"
        />
    </record>

    <record id="bradesco_240_boleto_protest_code_5" model="l10n_br_cnab.code">
        <field name="name">Protestar Fim Falimentar - Dias Corridos</field>
        <field name="code">5</field>
        <field name="code_type">protest_code</field>
        <field name="bank_ids" eval="[(6,0,[ref('l10n_br_base.res_bank_237')])]" />
        <field
            name="payment_method_ids"
            eval="[(6,0,[ref('payment_mode_type_cnab240')])]"
        />
    </record>

    <record id="bradesco_240_boleto_protest_code_8" model="l10n_br_cnab.code">
        <field name="name">Negativação sem Protesto (NÃO TRATADO PELO BANCO)</field>
        <field name="code">8</field>
        <field name="code_type">protest_code</field>
        <field name="bank_ids" eval="[(6,0,[ref('l10n_br_base.res_bank_237')])]" />
        <field
            name="payment_method_ids"
            eval="[(6,0,[ref('payment_mode_type_cnab240')])]"
        />
    </record>

    <record id="bradesco_240_boleto_protest_code_9" model="l10n_br_cnab.code">
        <field name="name">Cancelamento Protesto Automático</field>
        <field name="code">9</field>
        <field name="code_type">protest_code</field>
        <field name="bank_ids" eval="[(6,0,[ref('l10n_br_base.res_bank_237')])]" />
        <field
            name="payment_method_ids"
            eval="[(6,0,[ref('payment_mode_type_cnab240')])]"
        />
        <field
            name="comment"
        >(somente válido p/ CódigoMovimento Remessa = '31' - Descrição C004)
        </field>
    </record>

</odoo>
