<?xml version="1.0" encoding="utf-8" ?>
<odoo noupdate="1">

    <!-- Tipo de Cobrança ou Código da Carteira -->
    <!-- Santander 240 -->
    <record id="santander_240_boleto_write_off_devolution_1" model="l10n_br_cnab.code">
        <field name="name">BAIXAR / DEVOLVER</field>
        <field name="code">1</field>
        <field name="code_type">boleto_write_off_devolution</field>
        <field name="bank_ids" eval="[(6,0,[ref('l10n_br_base.res_bank_033')])]" />
        <field
            name="payment_method_ids"
            eval="[(6,0,[ref('payment_mode_type_cnab240')])]"
        />
    </record>

    <record id="santander_240_boleto_write_off_devolution_2" model="l10n_br_cnab.code">
        <field name="name">NAO BAIXAR / NAO DEVOLVER</field>
        <field name="code">2</field>
        <field name="code_type">boleto_write_off_devolution</field>
        <field name="bank_ids" eval="[(6,0,[ref('l10n_br_base.res_bank_033')])]" />
        <field
            name="payment_method_ids"
            eval="[(6,0,[ref('payment_mode_type_cnab240')])]"
        />
    </record>

    <record id="santander_240_boleto_write_off_devolution_3" model="l10n_br_cnab.code">
        <field name="name">UTILIZAR PERFIL BENEFICIARIO</field>
        <field name="code">3</field>
        <field name="code_type">boleto_write_off_devolution</field>
        <field name="bank_ids" eval="[(6,0,[ref('l10n_br_base.res_bank_033')])]" />
        <field
            name="payment_method_ids"
            eval="[(6,0,[ref('payment_mode_type_cnab240')])]"
        />
    </record>

</odoo>
