"id","name","model_id:id","group_id:id","perm_read","perm_write","perm_create","perm_unlink"
"state_tax_numbers_user","State Tax Numbers for User","model_state_tax_numbers","base.group_user",1,0,0,0
"state_tax_numbers_manager","State Tax Numbers for Manager","model_state_tax_numbers","base.group_system",1,1,1,1
"res_partner_pix_user","Partner PIX for User","model_res_partner_pix","base.group_user",1,0,0,0
"res_partner_pix_manager","Partner PIX for Partner Manager","model_res_partner_pix","base.group_partner_manager",1,1,1,1
