<?xml version="1.0" encoding="utf-8" ?>
<odoo noupdate="True">

    <!-- Diarios -->
    <!-- Account Journal for Main Company -->
    <record id="main_company_bank_journal" model="account.journal">
        <field name="name">Diário de Banco - Empresa Principal</field>
        <field name="code">TPO</field>
        <field name="type">sale</field>
        <field name="company_id" ref="base.main_company" />
        <field name="edi_format_ids" eval="False" />
    </record>

    <record
        id="main_company_bank_journal_payment_method"
        model="account.payment.method.line"
    >
        <field name="name">Manual</field>
        <field
            name="payment_method_id"
            ref="account.account_payment_method_manual_in"
        />
        <field name="journal_id" ref="main_company_bank_journal" />
    </record>

    <!-- Account Journal for Simples Nacional -->
    <record id="simples_nacional_bank_journal" model="account.journal">
        <field name="name">Diário de Banco - Simples Nacional</field>
        <field name="code">TPO1</field>
        <field name="type">sale</field>
        <field name="company_id" ref="l10n_br_base.empresa_simples_nacional" />
        <field name="edi_format_ids" eval="False" />
    </record>

    <record
        id="simples_nacional_bank_journal_payment_method"
        model="account.payment.method.line"
    >
        <field name="name">Manual</field>
        <field
            name="payment_method_id"
            ref="account.account_payment_method_manual_in"
        />
        <field name="journal_id" ref="simples_nacional_bank_journal" />
    </record>

    <!-- Account Journal for Lucro Presumido -->
    <record id="lucro_presumido_bank_journal" model="account.journal">
        <field name="name">Diário de Banco - Lucro Presumido</field>
        <field name="code">TPO2</field>
        <field name="type">sale</field>
        <field name="company_id" ref="l10n_br_base.empresa_lucro_presumido" />
        <field name="edi_format_ids" eval="False" />
    </record>

    <record
        id="lucro_presumido_bank_journal_payment_method"
        model="account.payment.method.line"
    >
        <field name="name">Manual</field>
        <field
            name="payment_method_id"
            ref="account.account_payment_method_manual_in"
        />
        <field name="journal_id" ref="lucro_presumido_bank_journal" />
    </record>

    <!-- Diario Bradesco -->
    <record id="bradesco_journal" model="account.journal">
        <field name="name">Banco Bradesco</field>
        <field name="type">bank</field>
        <field name="code">BNC2</field>
        <field name="bank_account_id" ref="main_company_bank_bradesco" />
        <field name="company_id" ref="base.main_company" />
        <field name="edi_format_ids" eval="False" />
    </record>

    <record
        id="bradesco_journal_payment_method_cnab240"
        model="account.payment.method.line"
    >
        <field name="name">Bradesco CNAB 240</field>
        <field name="payment_method_id" ref="payment_mode_type_cnab240" />
        <field name="journal_id" ref="bradesco_journal" />
    </record>
    <record
        id="bradesco_journal_payment_method_cnab400"
        model="account.payment.method.line"
    >
        <field name="name">Bradesco CNAB 400</field>
        <field name="payment_method_id" ref="payment_mode_type_cnab400" />
        <field name="journal_id" ref="bradesco_journal" />
    </record>

    <!-- Diario Unicred -->
    <record id="unicred_journal" model="account.journal">
        <field name="name">Banco Unicred</field>
        <field name="type">bank</field>
        <field name="code">BNC3</field>
        <field name="bank_account_id" ref="main_company_bank_unicredi" />
        <field name="company_id" ref="base.main_company" />
        <field name="edi_format_ids" eval="False" />
    </record>

    <record
        id="unicred_journal_payment_method_cnab240"
        model="account.payment.method.line"
    >
        <field name="name">Unicred CNAB 240</field>
        <field name="payment_method_id" ref="payment_mode_type_cnab240" />
        <field name="journal_id" ref="unicred_journal" />
    </record>

    <record
        id="unicred_journal_payment_method_cnab400"
        model="account.payment.method.line"
    >
        <field name="name">Unicred CNAB 400</field>
        <field name="payment_method_id" ref="payment_mode_type_cnab400" />
        <field name="journal_id" ref="unicred_journal" />
    </record>

    <!-- Diario Itau -->
    <record id="itau_journal" model="account.journal">
        <field name="name">Banco Itau</field>
        <field name="type">bank</field>
        <field name="code">BNC4</field>
        <field name="bank_account_id" ref="main_company_bank_itau" />
        <field name="company_id" ref="base.main_company" />
        <field name="edi_format_ids" eval="False" />
    </record>

    <record
        id="itau_journal_payment_method_cnab240"
        model="account.payment.method.line"
    >
        <field name="name">Itau CNAB 240</field>
        <field name="payment_method_id" ref="payment_mode_type_cnab240" />
        <field name="journal_id" ref="itau_journal" />
    </record>

    <record
        id="itau_journal_payment_method_cnab400"
        model="account.payment.method.line"
    >
        <field name="name">Itau CNAB 400</field>
        <field name="payment_method_id" ref="payment_mode_type_cnab400" />
        <field name="journal_id" ref="itau_journal" />
    </record>

    <!-- Diario Banco do Brasil -->
    <record id="bb_journal" model="account.journal">
        <field name="name">Banco do Brasil</field>
        <field name="type">bank</field>
        <field name="code">BNC5</field>
        <field name="bank_account_id" ref="main_company_bank_bb" />
        <field name="company_id" ref="base.main_company" />
        <field name="edi_format_ids" eval="False" />
    </record>

    <record id="bb_journal_payment_method_cnab240" model="account.payment.method.line">
        <field name="name">BB CNAB 240</field>
        <field name="payment_method_id" ref="payment_mode_type_cnab240" />
        <field name="journal_id" ref="bb_journal" />
    </record>

    <record id="bb_journal_payment_method_cnab400" model="account.payment.method.line">
        <field name="name">BB CNAB 400</field>
        <field name="payment_method_id" ref="payment_mode_type_cnab400" />
        <field name="journal_id" ref="bb_journal" />
    </record>

    <!-- Diario Banco Caixa Economica Federal -->
    <record id="cef_journal" model="account.journal">
        <field name="name">Banco Caixa Economica Federal</field>
        <field name="type">bank</field>
        <field name="code">BNC6</field>
        <field name="bank_account_id" ref="main_company_bank_cef" />
        <field name="company_id" ref="base.main_company" />
        <field name="edi_format_ids" eval="False" />
    </record>

    <record id="cef_journal_payment_method_cnab240" model="account.payment.method.line">
        <field name="name">CEF CNAB 240</field>
        <field name="payment_method_id" ref="payment_mode_type_cnab240" />
        <field name="journal_id" ref="cef_journal" />
    </record>

    <record id="cef_journal_payment_method_cnab400" model="account.payment.method.line">
        <field name="name">CEF CNAB 400</field>
        <field name="payment_method_id" ref="payment_mode_type_cnab400" />
        <field name="journal_id" ref="cef_journal" />
    </record>

    <!-- Diario Banco SICRED -->
    <record id="sicredi_journal" model="account.journal">
        <field name="name">Banco SICREDI</field>
        <field name="type">bank</field>
        <field name="code">BNC7</field>
        <field name="bank_account_id" ref="main_company_bank_sicredi" />
        <field name="company_id" ref="base.main_company" />
        <field name="edi_format_ids" eval="False" />
    </record>

    <record
        id="sicredi_journal_payment_method_cnab240"
        model="account.payment.method.line"
    >
        <field name="name">SICRED CNAB 240</field>
        <field name="payment_method_id" ref="payment_mode_type_cnab240" />
        <field name="journal_id" ref="sicredi_journal" />
    </record>

    <!-- Diario Banco AILOS -->
    <record id="ailos_journal" model="account.journal">
        <field name="name">Banco AILOS</field>
        <field name="type">bank</field>
        <field name="code">BNC8</field>
        <field name="bank_account_id" ref="main_company_bank_ailos" />
        <field name="company_id" ref="base.main_company" />
        <field name="edi_format_ids" eval="False" />
    </record>

    <record
        id="ailos_journal_payment_method_cnab240"
        model="account.payment.method.line"
    >
        <field name="name">AILOS CNAB 240</field>
        <field name="payment_method_id" ref="payment_mode_type_cnab240" />
        <field name="journal_id" ref="ailos_journal" />
    </record>

    <!-- Diario Banco Santander -->
    <record id="santander_journal" model="account.journal">
        <field name="name">Banco Santander</field>
        <field name="type">bank</field>
        <field name="code">BNC9</field>
        <field name="bank_account_id" ref="main_company_bank_santander" />
        <field name="company_id" ref="base.main_company" />
        <field name="edi_format_ids" eval="False" />
    </record>

    <record
        id="santander_journal_payment_method_cnab240"
        model="account.payment.method.line"
    >
        <field name="name">Santander CNAB 240</field>
        <field name="payment_method_id" ref="payment_mode_type_cnab240" />
        <field name="journal_id" ref="santander_journal" />
    </record>

    <record
        id="santander_journal_payment_method_cnab400"
        model="account.payment.method.line"
    >
        <field name="name">Santander CNAB 400</field>
        <field name="payment_method_id" ref="payment_mode_type_cnab400" />
        <field name="journal_id" ref="santander_journal" />
    </record>

    <!-- Diario Banco Nordeste -->
    <record id="nordeste_journal" model="account.journal">
        <field name="name">Banco Nordeste</field>
        <field name="type">bank</field>
        <field name="code">BNC10</field>
        <field name="bank_account_id" ref="main_company_bank_nordeste" />
        <field name="company_id" ref="base.main_company" />
        <field name="edi_format_ids" eval="False" />
    </record>

    <record
        id="nordeste_journal_payment_method_cnab400"
        model="account.payment.method.line"
    >
        <field name="name">Nordeste CNAB 400</field>
        <field name="payment_method_id" ref="payment_mode_type_cnab400" />
        <field name="journal_id" ref="nordeste_journal" />
    </record>

    <!-- Diario Cheque - teste quando o Modo de Pagto não gera Ordem de Pagto -->
    <record id="cheque_journal" model="account.journal">
        <field name="name">Diário Cheque</field>
        <field name="code">DCQ</field>
        <field name="type">sale</field>
        <field name="company_id" ref="base.main_company" />
        <field name="edi_format_ids" eval="False" />
    </record>

    <record id="cheque_journal_payment_method" model="account.payment.method.line">
        <field name="name">Manual</field>
        <field
            name="payment_method_id"
            ref="account.account_payment_method_manual_in"
        />
        <field name="journal_id" ref="cheque_journal" />
    </record>

</odoo>
