<?xml version="1.0" encoding="utf-8" ?>
<!--
  Copyright (C) 2024-Today - Akretion (<http://www.akretion.com>).
  @author Magno Costa <magno.costa@akretion.com.br>
  License AGPL-3.0 or later (http://www.gnu.org/licenses/agpl).
-->
<odoo noupdate="True">

    <!-- Bradesco CNAB 400 -->
    <record id="cnab_config_bradesco_400" model="l10n_br_cnab.config">
        <field name="name">Banco Bradesco - CNAB 400 (inbound)</field>
        <field name="bank_id" ref="l10n_br_base.res_bank_237" />
        <field name="company_id" ref="base.main_company" />
        <field name="instructions">Pagavel em qualquer banco ate o vencimento</field>
        <field name="payment_method_id" ref="payment_mode_type_cnab400" />
        <field name="boleto_wallet">03</field>
        <field name="boleto_modality">DM</field>
        <field name="boleto_variation">19</field>
        <field name="boleto_accept">S</field>
        <field name="cnab_sequence_id" ref="sequence_cnab_number_bradesco_400" />
        <field name="own_number_sequence_id" ref="sequence_own_number_bradesco_400" />
        <field name="cnab_company_bank_code">0001222130126</field>
        <field name="boleto_discount_perc">1</field>
        <field
            name="liq_return_move_code_ids"
            eval="[(6,0,[ref('bradesco_400_return_06'), ref('bradesco_400_return_15'),
            ref('bradesco_400_return_16'), ref('bradesco_400_return_17'),
            ])]"
        />
        <field name="sending_code_id" ref="bradesco_400_instruction_01" />
        <field name="write_off_code_id" ref="bradesco_400_instruction_02" />
        <field name="change_title_value_code_id" ref="bradesco_400_instruction_20" />
        <field name="change_maturity_date_code_id" ref="bradesco_400_instruction_06" />
        <field name="protest_title_code_id" ref="bradesco_400_instruction_09" />
        <field
            name="suspend_protest_keep_wallet_code_id"
            ref="bradesco_400_instruction_19"
        />
        <field
            name="suspend_protest_write_off_code_id"
            ref="bradesco_400_instruction_18"
        />
        <field name="grant_rebate_code_id" ref="bradesco_400_instruction_04" />
        <field name="cancel_rebate_code_id" ref="bradesco_400_instruction_05" />
    </record>

    <!-- Modo de Pagamento cobrança Bradesco 240 -->
    <record id="cnab_config_bradesco_240" model="l10n_br_cnab.config">
        <field name="name">Banco Bradesco - CNAB 240 (inbound)</field>
        <field name="bank_id" ref="l10n_br_base.res_bank_237" />
        <field name="company_id" ref="base.main_company" />
        <field name="instructions">Pagavel em qualquer banco ate o vencimento</field>
        <field name="payment_method_id" ref="payment_mode_type_cnab240" />
        <field name="boleto_wallet">3</field>
        <field name="wallet_code_id" ref="bradesco_240_boleto_wallet_code_1" />
        <field name="boleto_modality">DM</field>
	<field name="boleto_variation">19</field>
	<field name="boleto_protest_code_id" ref="bradesco_240_boleto_protest_code_1" />
        <field name="boleto_days_protest">5</field>
        <field name="boleto_accept">S</field>
        <field
            name="boleto_discount_code_id"
            ref="bradesco_240_boleto_discount_code_6"
        />
        <field name="boleto_discount_perc">1</field>
        <field name="cnab_sequence_id" ref="sequence_cnab_number_bradesco_240" />
        <field name="own_number_sequence_id" ref="sequence_own_number_bradesco_240" />
        <field
            name="tariff_charge_account_id"
            ref="1_account_template_32302_avoid_travis_error"
        />
        <field
            name="interest_fee_account_id"
            ref="1_account_template_31202_avoid_travis_error"
        />
        <field
            name="discount_account_id"
            ref="1_account_template_32202_avoid_travis_error"
        />
        <field
            name="rebate_account_id"
            ref="1_account_template_32203_avoid_travis_error"
        />
        <field
            name="not_payment_account_id"
            ref="1_account_template_32333_avoid_travis_error"
        />
        <field name="cnab_company_bank_code">0001222130126</field>
        <field
            name="liq_return_move_code_ids"
            eval="[(6,0,[ref('bradesco_240_return_06'),
             ref('bradesco_240_return_17'), ref('bradesco_240_return_45')])]"
        />
        <field name="sending_code_id" ref="bradesco_240_instruction_01" />
        <field name="write_off_code_id" ref="bradesco_240_instruction_02" />
        <!-- TODO: codigo de alteração do valor do título não encontrado
        <field
            name="change_title_value_code_id"
            ref="cnab_240-mov_instruction_code_17"
        />-->
        <field name="change_maturity_date_code_id" ref="bradesco_240_instruction_06" />
        <field name="protest_title_code_id" ref="bradesco_240_instruction_09" />
        <field
            name="suspend_protest_keep_wallet_code_id"
            ref="bradesco_240_instruction_11"
        />
        <field
            name="suspend_protest_write_off_code_id"
            ref="bradesco_240_instruction_10"
        />
        <field name="grant_rebate_code_id" ref="bradesco_240_instruction_04" />
        <field name="cancel_rebate_code_id" ref="bradesco_240_instruction_05" />
        <field name="grant_discount_code_id" ref="bradesco_240_instruction_16" />
        <field name="cancel_discount_code_id" ref="bradesco_240_instruction_41" />
    </record>

    <!-- Payment Mode Cobrança Unicred 400 -->
    <record id="cnab_config_unicred_400" model="l10n_br_cnab.config">
        <field name="name">Banco Unicred - CNAB 400 (inbound)</field>
        <field name="bank_id" ref="l10n_br_base.res_bank_136" />
        <field name="company_id" ref="base.main_company" />
        <field name="instructions">Pagavel em qualquer banco ate o vencimento</field>
        <field name="payment_method_id" ref="payment_mode_type_cnab400" />
        <field name="boleto_wallet">21</field>
        <field name="boleto_modality">DM</field>
        <field name="boleto_variation">19</field>
        <field name="boleto_accept">N</field>
        <field name="cnab_sequence_id" ref="sequence_cnab_number_unicred_400" />
        <field name="own_number_sequence_id" ref="sequence_own_number_unicred_400" />
        <field
            name="boleto_protest_code_id"
            ref="unicred_240_400_boleto_protest_code_2"
        />
        <field name="boleto_days_protest">5</field>
        <field name="boleto_interest_code">2</field>
        <field name="boleto_interest_perc">2</field>
        <field name="boleto_fee_code">2</field>
        <field name="boleto_fee_perc">2</field>
        <field
            name="boleto_discount_code_id"
            ref="unicred_240_400_boleto_discount_code_1"
        />
        <field name="boleto_discount_perc">1</field>
        <field
            name="tariff_charge_account_id"
            ref="1_account_template_32302_avoid_travis_error"
        />
        <field
            name="interest_fee_account_id"
            ref="1_account_template_31202_avoid_travis_error"
        />
        <field
            name="discount_account_id"
            ref="1_account_template_32202_avoid_travis_error"
        />
        <field
            name="rebate_account_id"
            ref="1_account_template_32203_avoid_travis_error"
        />
        <field
            name="not_payment_account_id"
            ref="1_account_template_32333_avoid_travis_error"
        />
        <!-- Code de Convenio maximo 10 caracteres -->
        <field name="cnab_company_bank_code">92035760</field>
        <field
            name="liq_return_move_code_ids"
            eval="[(6,0,[ref('unicred_240_400_return_01'), ref('unicred_240_400_return_06'),
               ref('unicred_240_400_return_07'), ref('unicred_240_400_return_09')])]"
        />
        <field name="sending_code_id" ref="unicred_240_400_instruction_01" />
        <field name="write_off_code_id" ref="unicred_240_400_instruction_02" />
        <field
            name="change_maturity_date_code_id"
            ref="unicred_240_400_instruction_06"
        />
        <field name="protest_title_code_id" ref="unicred_240_400_instruction_09" />
        <field
            name="suspend_protest_keep_wallet_code_id"
            ref="unicred_240_400_instruction_11"
        />
        <field
            name="suspend_protest_write_off_code_id"
            ref="unicred_240_400_instruction_25"
        />
        <field name="grant_rebate_code_id" ref="unicred_240_400_instruction_04" />
        <field name="cancel_rebate_code_id" ref="unicred_240_400_instruction_05" />
    </record>

    <!-- CNAB Config Unicred 240 -->
    <record id="cnab_config_unicred_240" model="l10n_br_cnab.config">
        <field name="name">Banco Unicred - CNAB 240 (inbound)</field>
        <field name="bank_id" ref="l10n_br_base.res_bank_136" />
        <field name="company_id" ref="base.main_company" />
        <field name="instructions">Pagavel em qualquer banco ate o vencimento</field>
        <field name="payment_method_id" ref="payment_mode_type_cnab240" />
        <field name="boleto_wallet">3</field>
        <field name="boleto_modality">DM</field>
        <field name="boleto_variation">19</field>
        <field name="boleto_accept">N</field>
        <field
            name="boleto_discount_code_id"
            ref="unicred_240_400_boleto_discount_code_1"
        />
        <field name="boleto_discount_perc">1</field>
        <field name="cnab_sequence_id" ref="sequence_cnab_number_unicred_240" />
        <field name="own_number_sequence_id" ref="sequence_own_number_unicred_240" />
	<field name="boleto_protest_code_id" ref="unicred_240_400_boleto_protest_code_2" />
        <field name="boleto_days_protest">5</field>
        <field name="cnab_company_bank_code">72234050</field>
        <field
            name="tariff_charge_account_id"
            ref="1_account_template_32302_avoid_travis_error"
        />
        <field
            name="interest_fee_account_id"
            ref="1_account_template_31202_avoid_travis_error"
        />
        <field
            name="discount_account_id"
            ref="1_account_template_32202_avoid_travis_error"
        />
        <field
            name="rebate_account_id"
            ref="1_account_template_32203_avoid_travis_error"
        />
        <field
            name="not_payment_account_id"
            ref="1_account_template_32333_avoid_travis_error"
        />
        <field
            name="liq_return_move_code_ids"
            eval="[(6,0,[ref('unicred_240_400_return_01'), ref('unicred_240_400_return_06'),
               ref('unicred_240_400_return_07'), ref('unicred_240_400_return_09')])]"
        />
        <field name="sending_code_id" ref="unicred_240_400_instruction_01" />
        <field name="write_off_code_id" ref="unicred_240_400_instruction_02" />
        <field
            name="change_maturity_date_code_id"
            ref="unicred_240_400_instruction_06"
        />
        <field name="protest_title_code_id" ref="unicred_240_400_instruction_09" />
        <field
            name="suspend_protest_keep_wallet_code_id"
            ref="unicred_240_400_instruction_11"
        />
        <field
            name="suspend_protest_write_off_code_id"
            ref="unicred_240_400_instruction_25"
        />
        <field name="grant_rebate_code_id" ref="unicred_240_400_instruction_04" />
        <field name="cancel_rebate_code_id" ref="unicred_240_400_instruction_05" />
    </record>

    <!-- Payment Mode Cobrança AILOS 240 -->
    <record id="cnab_config_ailos_240" model="l10n_br_cnab.config">
        <field name="name">Banco AILOS - CNAB 240 (inbound)</field>
        <field name="bank_id" ref="l10n_br_base.res_bank_085" />
        <field name="company_id" ref="base.main_company" />
        <field name="instructions">Pagavel em qualquer banco ate o vencimento</field>
        <field name="payment_method_id" ref="payment_mode_type_cnab240" />
        <field name="boleto_wallet">01</field>
        <field name="boleto_accept">N</field>
        <field name="cnab_sequence_id" ref="sequence_cnab_number_ailos_240" />
        <field name="own_number_sequence_id" ref="sequence_own_number_ailos_240" />
	<field name="boleto_protest_code_id" ref="ailos_240_boleto_protest_code_2" />
        <field name="boleto_days_protest">5</field>
        <field name="boleto_discount_code_id" ref="ailos_240_boleto_discount_code_1" />
        <field name="boleto_discount_perc">1</field>
        <field name="cnab_company_bank_code">101004</field>
        <field
            name="tariff_charge_account_id"
            ref="1_account_template_32302_avoid_travis_error"
        />
        <field
            name="interest_fee_account_id"
            ref="1_account_template_31202_avoid_travis_error"
        />
        <field
            name="discount_account_id"
            ref="1_account_template_32202_avoid_travis_error"
        />
        <field
            name="rebate_account_id"
            ref="1_account_template_32203_avoid_travis_error"
        />
        <field
            name="not_payment_account_id"
            ref="1_account_template_32333_avoid_travis_error"
        />
        <field
            name="liq_return_move_code_ids"
            eval="[(6,0,[ref('ailos_240_return_06'), ref('ailos_240_return_76'), ref('ailos_240_return_77')])]"
        />
        <field name="sending_code_id" ref="ailos_instruction_01" />
        <field name="write_off_code_id" ref="ailos_instruction_02" />
        <field name="change_maturity_date_code_id" ref="ailos_instruction_06" />
        <field name="protest_title_code_id" ref="ailos_instruction_09" />
        <field name="suspend_protest_keep_wallet_code_id" ref="ailos_instruction_11" />
        <field name="suspend_protest_write_off_code_id" ref="ailos_instruction_10" />
        <field name="grant_rebate_code_id" ref="ailos_instruction_07" />
        <field name="cancel_rebate_code_id" ref="ailos_instruction_08" />
    </record>

    <!-- Modo de Pagamento cobrança Itau 240 -->
    <record id="cnab_config_itau_240" model="l10n_br_cnab.config">
        <field name="name">Banco ITAÚ - CNAB 240 (inbound)</field>
        <field name="bank_id" ref="l10n_br_base.res_bank_341" />
        <field name="company_id" ref="base.main_company" />
        <field name="instructions">Pagavel em qualquer banco ate o vencimento</field>
        <field name="payment_method_id" ref="payment_mode_type_cnab240" />
        <field name="boleto_wallet">3</field>
        <field name="boleto_modality">DM</field>
        <field name="boleto_variation">19</field>
        <field name="boleto_accept">S</field>
	<field name="boleto_discount_perc">1</field>
	<field name="boleto_protest_code_id" ref="itau_240_boleto_protest_code_2" />
	<field name="boleto_days_protest">5</field>
        <field name="cnab_sequence_id" ref="sequence_cnab_number_itau_240" />
        <field name="own_number_sequence_id" ref="sequence_own_number_itau_240" />
        <field
            name="tariff_charge_account_id"
            ref="1_account_template_32302_avoid_travis_error"
        />
        <field
            name="interest_fee_account_id"
            ref="1_account_template_31202_avoid_travis_error"
        />
        <field
            name="discount_account_id"
            ref="1_account_template_32202_avoid_travis_error"
        />
        <field
            name="rebate_account_id"
            ref="1_account_template_32203_avoid_travis_error"
        />
        <field
            name="not_payment_account_id"
            ref="1_account_template_32333_avoid_travis_error"
        />
        <!-- Convenio deve ser menor ou igual a 5 -->
        <field name="cnab_company_bank_code">12345</field>
        <field
            name="liq_return_move_code_ids"
            eval="[(6,0,[ref('itau_240_return_06'),
             ref('itau_240_return_08')])]"
        />
        <field name="sending_code_id" ref="itau_240_instruction_01" />
        <field name="write_off_code_id" ref="itau_240_instruction_02" />
        <field name="change_title_value_code_id" ref="itau_240_instruction_31" />
        <field name="change_maturity_date_code_id" ref="itau_240_instruction_06" />
        <field name="protest_title_code_id" ref="itau_240_instruction_09" />
    </record>

    <!-- Modo de Pagamento cobrança Itau 400 -->
    <record id="cnab_config_itau_400" model="l10n_br_cnab.config">
        <field name="name">Banco ITAÚ - CNAB 400 (inbound)</field>
        <field name="bank_id" ref="l10n_br_base.res_bank_341" />
        <field name="company_id" ref="base.main_company" />
        <field name="instructions">Pagavel em qualquer banco ate o vencimento</field>
        <field name="payment_method_id" ref="payment_mode_type_cnab400" />
        <field name="boleto_wallet">175</field>
        <field name="boleto_modality">DM</field>
        <field name="boleto_variation">19</field>
        <field name="boleto_accept">S</field>
        <field name="boleto_discount_perc">1</field>
        <field name="cnab_sequence_id" ref="sequence_cnab_number_itau_400" />
        <field name="own_number_sequence_id" ref="sequence_own_number_itau_400" />
        <field
            name="tariff_charge_account_id"
            ref="1_account_template_32302_avoid_travis_error"
        />
        <field
            name="interest_fee_account_id"
            ref="1_account_template_31202_avoid_travis_error"
        />
        <field
            name="discount_account_id"
            ref="1_account_template_32202_avoid_travis_error"
        />
        <field
            name="rebate_account_id"
            ref="1_account_template_32203_avoid_travis_error"
        />
        <field
            name="not_payment_account_id"
            ref="1_account_template_32333_avoid_travis_error"
        />
        <!-- Convenio deve ser menor ou igual a 5 -->
        <field name="cnab_company_bank_code">12345</field>
        <field
            name="liq_return_move_code_ids"
            eval="[(6,0,[ref('itau_400_return_06'), ref('itau_400_return_07'),
            ref('itau_400_return_08')])]"
        />
        <field name="sending_code_id" ref="itau_400_instruction_01" />
        <field name="write_off_code_id" ref="itau_400_instruction_02" />
        <field name="change_maturity_date_code_id" ref="itau_400_instruction_06" />
        <field name="protest_title_code_id" ref="itau_400_instruction_09" />
    </record>

    <!-- Modo de Pagamento cobrança Caixa Economica Federal 240 -->
    <record id="cnab_config_cef_240" model="l10n_br_cnab.config">
        <field name="name">Caixa Economica Federal - CNAB 240 (inbound)</field>
        <field name="bank_id" ref="l10n_br_base.res_bank_104" />
        <field name="company_id" ref="base.main_company" />
        <field name="instructions">Pagavel em qualquer banco ate o vencimento</field>
        <field name="payment_method_id" ref="payment_mode_type_cnab240" />
        <field name="boleto_wallet">3</field>
        <field name="boleto_modality">DM</field>
        <field name="boleto_variation">19</field>
        <field name="boleto_accept">S</field>
        <field name="boleto_discount_code_id" ref="cef_240_boleto_discount_code_2" />
	<field name="boleto_discount_perc">1</field>
	<field name="boleto_protest_code_id" ref="cef_240_boleto_protest_code_1" />
        <field name="boleto_days_protest">5</field>
        <field name="cnab_sequence_id" ref="sequence_cnab_number_cef_240" />
        <field name="own_number_sequence_id" ref="sequence_own_number_cef_240" />
        <field
            name="tariff_charge_account_id"
            ref="1_account_template_32302_avoid_travis_error"
        />
        <field
            name="interest_fee_account_id"
            ref="1_account_template_31202_avoid_travis_error"
        />
        <field
            name="discount_account_id"
            ref="1_account_template_32202_avoid_travis_error"
        />
        <field
            name="rebate_account_id"
            ref="1_account_template_32203_avoid_travis_error"
        />
        <field
            name="not_payment_account_id"
            ref="1_account_template_32333_avoid_travis_error"
        />
        <!-- Code de Convenio maximo 6 caracteres -->
        <field name="cnab_company_bank_code">000122</field>
        <field
            name="liq_return_move_code_ids"
            eval="[(6,0,[ref('cef_240_return_06'), ref('cef_240_return_46')])]"
        />
        <field name="sending_code_id" ref="cef_240_instruction_01" />
        <field name="write_off_code_id" ref="cef_240_instruction_02" />
        <field name="change_title_value_code_id" ref="cef_240_instruction_47" />
        <field name="change_maturity_date_code_id" ref="cef_240_instruction_06" />
        <field name="protest_title_code_id" ref="cef_240_instruction_09" />
        <field
            name="suspend_protest_keep_wallet_code_id"
            ref="cef_240_instruction_11"
        />
        <field name="suspend_protest_write_off_code_id" ref="cef_240_instruction_10" />
        <field name="grant_rebate_code_id" ref="cef_240_instruction_04" />
        <field name="cancel_rebate_code_id" ref="cef_240_instruction_05" />
        <field name="grant_discount_code_id" ref="cef_240_instruction_07" />
        <field name="cancel_discount_code_id" ref="cef_240_instruction_08" />
    </record>

    <!-- Modo de Pagamento cobrança Caixa Economica Federal 400 -->
    <record id="cnab_config_cef_400" model="l10n_br_cnab.config">
        <field name="name">Caixa Economica Federal - CNAB 400 (inbound)</field>
        <field name="bank_id" ref="l10n_br_base.res_bank_104" />
        <field name="company_id" ref="base.main_company" />
        <field name="instructions">Pagavel em qualquer banco ate o vencimento</field>
        <field name="payment_method_id" ref="payment_mode_type_cnab400" />
        <field name="boleto_wallet">3</field>
        <field name="boleto_modality">DM</field>
        <field name="boleto_variation">19</field>
        <field name="boleto_accept">S</field>
        <field name="boleto_discount_perc">1</field>
        <field name="cnab_sequence_id" ref="sequence_cnab_number_cef_400" />
        <field name="own_number_sequence_id" ref="sequence_own_number_cef_400" />
        <field
            name="tariff_charge_account_id"
            ref="1_account_template_32302_avoid_travis_error"
        />
        <field
            name="interest_fee_account_id"
            ref="1_account_template_31202_avoid_travis_error"
        />
        <field
            name="discount_account_id"
            ref="1_account_template_32202_avoid_travis_error"
        />
        <field
            name="rebate_account_id"
            ref="1_account_template_32203_avoid_travis_error"
        />
        <field
            name="not_payment_account_id"
            ref="1_account_template_32333_avoid_travis_error"
        />
        <!-- Code de Convenio maximo 6 caracteres -->
        <field name="cnab_company_bank_code">000122</field>
    </record>

    <!-- Modo de Pagamento Cobrança SICRED 240 -->
    <record id="cnab_config_sicredi_240" model="l10n_br_cnab.config">
        <field name="name">Banco Sicredi - CNAB 240 (inbound)</field>
        <field name="bank_id" ref="l10n_br_base.res_bank_748" />
        <field name="company_id" ref="base.main_company" />
        <field name="instructions">Pagavel em qualquer banco ate o vencimento</field>
        <field name="payment_method_id" ref="payment_mode_type_cnab240" />
        <field name="boleto_wallet">3</field>
        <field name="boleto_modality">DM</field>
        <field name="boleto_variation">19</field>
        <field name="boleto_accept">S</field>
        <field name="boleto_discount_code_id" ref="sicred_240_boleto_discount_code_3" />
	<field name="boleto_discount_perc">1</field>
	<field name="boleto_protest_code_id" ref="sicred_240_boleto_protest_code_1" />
	<field name="boleto_days_protest">5</field>
        <field name="cnab_sequence_id" ref="sequence_cnab_number_sicredi_240" />
        <field name="own_number_sequence_id" ref="sequence_own_number_sicredi_240" />
        <!-- Code de Convenio maximo 5 caracteres -->
        <field name="cnab_company_bank_code">12345</field>
        <!-- Campo Especifico do SICREDI -->
        <field name="boleto_byte_idt">2</field>
        <field name="boleto_post">1</field>
        <field
            name="tariff_charge_account_id"
            ref="1_account_template_32302_avoid_travis_error"
        />
        <field
            name="interest_fee_account_id"
            ref="1_account_template_31202_avoid_travis_error"
        />
        <field
            name="discount_account_id"
            ref="1_account_template_32202_avoid_travis_error"
        />
        <field
            name="rebate_account_id"
            ref="1_account_template_32203_avoid_travis_error"
        />
        <field
            name="not_payment_account_id"
            ref="1_account_template_32333_avoid_travis_error"
        />
        <field
            name="liq_return_move_code_ids"
            eval="[(6,0,[ref('sicredi_240_return_06'), ref('sicredi_240_return_17')])]"
        />
        <field name="sending_code_id" ref="sicredi_240_instruction_01" />
        <field name="write_off_code_id" ref="sicredi_240_instruction_02" />
        <field name="change_title_value_code_id" ref="cef_240_instruction_47" />
        <field name="change_maturity_date_code_id" ref="sicredi_240_instruction_06" />
        <field name="protest_title_code_id" ref="sicredi_240_instruction_09" />
        <field
            name="suspend_protest_keep_wallet_code_id"
            ref="sicredi_240_instruction_11"
        />
        <field
            name="suspend_protest_write_off_code_id"
            ref="sicredi_240_instruction_10"
        />
        <field name="grant_rebate_code_id" ref="sicredi_240_instruction_04" />
        <field name="cancel_rebate_code_id" ref="sicredi_240_instruction_05" />
        <field name="grant_discount_code_id" ref="sicredi_240_instruction_07" />
        <field name="cancel_discount_code_id" ref="sicredi_240_instruction_08" />
    </record>

    <!-- Payment Mode Cobrança Banco do Brasil 400 -->
    <record id="cnab_config_bb_400" model="l10n_br_cnab.config">
        <field name="name">Banco do Brasil - CNAB 400 (inbound)</field>
        <field name="bank_id" ref="l10n_br_base.res_bank_001" />
        <field name="company_id" ref="base.main_company" />
        <field name="instructions">Pagavel em qualquer banco ate o vencimento</field>
        <field name="payment_method_id" ref="payment_mode_type_cnab400" />
        <field name="boleto_wallet">18</field>
        <field name="boleto_modality">DM</field>
        <field name="boleto_variation">19</field>
        <field name="boleto_accept">S</field>
        <field name="boleto_discount_perc">1</field>
        <field name="cnab_sequence_id" ref="sequence_cnab_number_bb_400" />
        <field name="own_number_sequence_id" ref="sequence_own_number_bb_400" />
        <field
            name="tariff_charge_account_id"
            ref="1_account_template_32302_avoid_travis_error"
        />
        <field
            name="interest_fee_account_id"
            ref="1_account_template_31202_avoid_travis_error"
        />
        <field
            name="discount_account_id"
            ref="1_account_template_32202_avoid_travis_error"
        />
        <field
            name="rebate_account_id"
            ref="1_account_template_32203_avoid_travis_error"
        />
        <field
            name="not_payment_account_id"
            ref="1_account_template_32333_avoid_travis_error"
        />
        <!-- O campo do convenio varia de acordo com o tamanho da sequencia own_number_sequence_id -->
        <field name="cnab_company_bank_code">1234</field>
        <field name="convention_code">7654321</field>
        <field
            name="liq_return_move_code_ids"
            eval="[(6,0,[ref('brasil_400_return_05'), ref('brasil_400_return_06'),
               ref('brasil_400_return_07'), ref('brasil_400_return_08'),
               ref('brasil_400_return_15'), ref('brasil_400_return_20'),])]"
        />
        <field name="sending_code_id" ref="brasil_400_instruction_01" />
        <field name="write_off_code_id" ref="brasil_400_instruction_02" />
        <field name="change_title_value_code_id" ref="brasil_400_instruction_47" />
        <field name="change_maturity_date_code_id" ref="brasil_400_instruction_06" />
        <field name="protest_title_code_id" ref="brasil_400_instruction_09" />
        <field
            name="suspend_protest_keep_wallet_code_id"
            ref="brasil_400_instruction_10"
        />
        <field name="grant_rebate_code_id" ref="brasil_400_instruction_04" />
        <field name="cancel_rebate_code_id" ref="brasil_400_instruction_05" />
        <field name="grant_discount_code_id" ref="brasil_400_instruction_31" />
        <field name="cancel_discount_code_id" ref="brasil_400_instruction_32" />
    </record>

    <!-- Payment Mode Cobrança Banco do Brasil 240 -->
    <record id="cnab_config_bb_240" model="l10n_br_cnab.config">
        <field name="name">Banco do Brasil - CNAB 240 (inbound)</field>
        <field name="bank_id" ref="l10n_br_base.res_bank_001" />
        <field name="company_id" ref="base.main_company" />
        <field name="instructions">Pagavel em qualquer banco ate o vencimento</field>
        <field name="payment_method_id" ref="payment_mode_type_cnab240" />
        <field name="boleto_wallet">17</field>
        <field name="boleto_modality">DM</field>
        <field name="boleto_variation">19</field>
        <field name="boleto_accept">S</field>
        <field name="boleto_discount_code_id" ref="brasil_240_boleto_discount_code_1" />
        <field name="boleto_discount_perc">1</field>
        <field name="cnab_sequence_id" ref="sequence_cnab_number_bb_240" />
        <field name="own_number_sequence_id" ref="sequence_own_number_bb_240" />
	<field name="boleto_protest_code_id" ref="brasil_240_boleto_protest_code_2" />
        <field name="boleto_days_protest">5</field>
        <field
            name="tariff_charge_account_id"
            ref="1_account_template_32302_avoid_travis_error"
        />
        <field
            name="interest_fee_account_id"
            ref="1_account_template_31202_avoid_travis_error"
        />
        <field
            name="discount_account_id"
            ref="1_account_template_32202_avoid_travis_error"
        />
        <field
            name="rebate_account_id"
            ref="1_account_template_32203_avoid_travis_error"
        />
        <field
            name="not_payment_account_id"
            ref="1_account_template_32333_avoid_travis_error"
        />
        <field name="cnab_company_bank_code">1234567</field>
        <field
            name="liq_return_move_code_ids"
            eval="[(6,0,[ref('brasil_240_return_05'), ref('brasil_240_return_06'),
            ref('brasil_240_return_17'), ref('brasil_240_return_06'),
            ref('brasil_240_return_15'), ref('brasil_240_return_20'),])]"
        />
        <field name="sending_code_id" ref="brasil_240_instruction_01" />
        <field name="write_off_code_id" ref="brasil_240_instruction_02" />
        <field name="change_title_value_code_id" ref="brasil_240_instruction_47" />
        <field name="change_maturity_date_code_id" ref="brasil_240_instruction_06" />
        <field name="protest_title_code_id" ref="brasil_240_instruction_09" />
        <field
            name="suspend_protest_keep_wallet_code_id"
            ref="brasil_240_instruction_10"
        />
        <field name="grant_rebate_code_id" ref="brasil_240_instruction_04" />
        <field name="cancel_rebate_code_id" ref="brasil_240_instruction_05" />
        <field name="grant_discount_code_id" ref="brasil_240_instruction_07" />
        <field name="cancel_discount_code_id" ref="brasil_240_instruction_08" />
    </record>

    <!-- Banco Santander -->
    <!-- 400 -->
    <record id="cnab_config_santander_400" model="l10n_br_cnab.config">
        <field name="name">Banco Santander - CNAB 400 (inbound)</field>
        <field name="bank_id" ref="l10n_br_base.res_bank_033" />
        <field name="company_id" ref="base.main_company" />
        <field name="instructions">Pagavel em qualquer banco ate o vencimento</field>
        <field name="payment_method_id" ref="payment_mode_type_cnab400" />
        <field name="boleto_wallet">101</field>
        <field name="wallet_code_id" ref="santander_400_boleto_wallet_code_5" />
        <field name="boleto_modality">DM</field>
        <field name="boleto_variation">35</field>
        <field name="boleto_accept">S</field>
        <field name="boleto_discount_perc">1</field>
        <field name="cnab_sequence_id" ref="sequence_cnab_number_santander_400" />
        <field name="own_number_sequence_id" ref="sequence_own_number_santander_400" />
        <field
            name="tariff_charge_account_id"
            ref="1_account_template_32302_avoid_travis_error"
        />
        <field
            name="interest_fee_account_id"
            ref="1_account_template_31202_avoid_travis_error"
        />
        <field
            name="discount_account_id"
            ref="1_account_template_32202_avoid_travis_error"
        />
        <field
            name="rebate_account_id"
            ref="1_account_template_32203_avoid_travis_error"
        />
        <field
            name="not_payment_account_id"
            ref="1_account_template_32333_avoid_travis_error"
        />
        <!-- Codigo de Transmissao maximo 20 caracteres -->
        <field name="cnab_company_bank_code">12345678901234567890</field>
        <!-- codigo de convenio -->
        <field name="convention_code">1234567</field>
        <field
            name="liq_return_move_code_ids"
            eval="[(6,0,[ref('santander_400_return_06'), ref('santander_400_return_07'), ref('santander_400_return_08'), ref('santander_400_return_16'), ref('santander_400_return_17')])]"
        />
        <field name="sending_code_id" ref="santander_400_instruction_01" />
        <field name="write_off_code_id" ref="santander_400_instruction_02" />
        <field name="change_title_value_code_id" ref="santander_400_instruction_47" />
        <field name="change_maturity_date_code_id" ref="santander_400_instruction_06" />
        <field name="protest_title_code_id" ref="santander_400_instruction_09" />
        <!-- Caso Santander nao diferencia o caso de Manter em Carteira ou dar Baixa
        ao Suspender o Protesto
        <field
            name="suspend_protest_keep_wallet_code_id"
            ref="cef_240_instruction_11"
        /> -->
        <field
            name="suspend_protest_write_off_code_id"
            ref="santander_400_instruction_18"
        />
        <field name="grant_rebate_code_id" ref="santander_400_instruction_04" />
        <field name="cancel_rebate_code_id" ref="santander_400_instruction_05" />
        <!-- Nao existe alteracao ou cancelamento de Desconto no 400
        porém existe no 240, logo abaixo
        <field name="grant_discount_code_id" ref="cef_240_instruction_07" />
        <field name="cancel_discount_code_id" ref="cef_240_instruction_08" />
        -->
    </record>

    <!-- 240 -->
    <record id="cnab_config_santander_240" model="l10n_br_cnab.config">
        <field name="name">Banco Santander - CNAB 240 (inbound)</field>
        <field name="bank_id" ref="l10n_br_base.res_bank_033" />
        <field name="company_id" ref="base.main_company" />
        <field name="instructions">Pagavel em qualquer banco ate o vencimento</field>
        <field name="payment_method_id" ref="payment_mode_type_cnab240" />
        <field name="boleto_wallet">101</field>
        <field name="wallet_code_id" ref="santander_240_boleto_wallet_code_5" />
        <field name="boleto_modality">DM</field>
        <field name="boleto_variation">35</field>
        <field name="boleto_accept">S</field>
        <field
            name="boleto_discount_code_id"
            ref="santander_240_boleto_discount_code_4"
        />
        <field name="boleto_discount_perc">1</field>
        <field name="cnab_sequence_id" ref="sequence_cnab_number_santander_240" />
        <field name="own_number_sequence_id" ref="sequence_own_number_santander_240" />
        <field
            name="tariff_charge_account_id"
            ref="1_account_template_32302_avoid_travis_error"
        />
        <field
            name="interest_fee_account_id"
            ref="1_account_template_31202_avoid_travis_error"
        />
        <field
            name="discount_account_id"
            ref="1_account_template_32202_avoid_travis_error"
        />
        <field
            name="rebate_account_id"
            ref="1_account_template_32203_avoid_travis_error"
        />
        <field
            name="not_payment_account_id"
            ref="1_account_template_32333_avoid_travis_error"
        />
        <!-- Codigo de Transmissao maximo 15 caracteres -->
        <field name="cnab_company_bank_code">123456789012345</field>
        <field name="convention_code">1234567</field>
        <field
            name="liq_return_move_code_ids"
            eval="[(6,0,[ref('santander_240_return_06'), ref('santander_240_return_09'), ref('santander_240_return_17'), ref('santander_240_return_a4')])]"
        />
        <field name="sending_code_id" ref="santander_240_instruction_01" />
        <field name="write_off_code_id" ref="santander_240_instruction_02" />
        <field name="change_title_value_code_id" ref="santander_240_instruction_47" />
        <field name="change_maturity_date_code_id" ref="santander_240_instruction_06" />
        <field name="protest_title_code_id" ref="santander_240_instruction_09" />
        <field
            name="suspend_protest_write_off_code_id"
            ref="santander_240_instruction_18"
        />
        <field name="grant_rebate_code_id" ref="santander_240_instruction_04" />
        <field name="cancel_rebate_code_id" ref="santander_240_instruction_05" />
        <field name="grant_discount_code_id" ref="santander_240_instruction_10" />
        <field name="cancel_discount_code_id" ref="santander_240_instruction_11" />
        <!-- Código de Baixa / Devolução 240 -->
        <field
            name="write_off_devolution_code_id"
            ref="santander_240_boleto_write_off_devolution_3"
        />
        <field name="write_off_devolution_number_of_days">0</field>
        <field name="boleto_fee_code">0</field>
	<field name="boleto_fee_perc">0.00</field>
        <field
            name="boleto_protest_code_id"
            ref="santander_240_boleto_protest_code_2"
        />
        <field name="boleto_days_protest">5</field>
    </record>

    <!-- Payment Mode Cobrança Banco do Nordeste 400 -->
    <record id="cnab_config_nordeste_400" model="l10n_br_cnab.config">
        <field name="name">Banco do Nodeste - CNAB 400 (inbound)</field>
        <field name="bank_id" ref="l10n_br_base.res_bank_004" />
        <field name="company_id" ref="base.main_company" />
        <field name="instructions">Pagavel em qualquer banco ate o vencimento</field>
        <field name="payment_method_id" ref="payment_mode_type_cnab400" />
        <field name="boleto_wallet">21</field>
        <field name="boleto_modality">DM</field>
        <field name="boleto_accept">S</field>
        <field name="boleto_discount_perc">1</field>
        <field name="cnab_sequence_id" ref="sequence_cnab_number_nordeste_400" />
        <field name="own_number_sequence_id" ref="sequence_own_number_nordeste_400" />
        <field
            name="tariff_charge_account_id"
            ref="1_account_template_32302_avoid_travis_error"
        />
        <field
            name="interest_fee_account_id"
            ref="1_account_template_31202_avoid_travis_error"
        />
        <field
            name="discount_account_id"
            ref="1_account_template_32202_avoid_travis_error"
        />
        <field
            name="rebate_account_id"
            ref="1_account_template_32203_avoid_travis_error"
        />
        <field
            name="not_payment_account_id"
            ref="1_account_template_32333_avoid_travis_error"
        />
        <field name="cnab_company_bank_code">1234</field>
        <field name="convention_code">7654321</field>
        <field
            name="liq_return_move_code_ids"
            eval="[(6,0,[ref('nordeste_400_return_06'), ref('nordeste_400_return_07'),
               ref('nordeste_400_return_08'), ref('nordeste_400_return_09'),])]"
        />
        <field name="sending_code_id" ref="nordeste_400_instruction_01" />
        <field name="write_off_code_id" ref="nordeste_400_instruction_02" />
        <field name="change_maturity_date_code_id" ref="nordeste_400_instruction_06" />
        <field name="protest_title_code_id" ref="nordeste_400_instruction_09" />
        <field
            name="suspend_protest_keep_wallet_code_id"
            ref="nordeste_400_instruction_10"
        />
        <field name="grant_rebate_code_id" ref="nordeste_400_instruction_04" />
    </record>

</odoo>
