<?xml version="1.0" encoding="utf-8" ?>
<!--
    Copyright (C) 2022-Today - Engenere (<https://engenere.one>).
    @author Antônio S. Pereira Neto <neto@engenere.one>
    @author Felipe Motter Pereira <felipe@engenere.one>
    License AGPL-3 - See http://www.gnu.org/licenses/agpl-3.0.html
-->
<odoo noupdate="True">

    <record model="account.account" id="1_account_template_511601_avoid_travis_error">
        <field name="code">511601</field>
        <field name="name">Juros Passivos</field>
        <field name="account_type">expense</field>
        <field name="company_id" ref="base.main_company" />
        <field name="reconcile" eval="True" />
    </record>

    <record model="account.account" id="1_account_template_616102_avoid_travis_error">
        <field name="code">616102</field>
        <field name="name">Outras Receitas</field>
        <field name="account_type">income</field>
        <field name="company_id" ref="base.main_company" />
        <field name="reconcile" eval="True" />
    </record>

</odoo>
