<?xml version="1.0" encoding="utf-8" ?>
<!--
    Copyright (C) 2022-Today - Engenere (<https://engenere.one>).
    @author Antônio S. Pereira Neto <neto@engenere.one>
    @author Felipe Motter Pereira <felipe@engenere.one>
    License AGPL-3 - See http://www.gnu.org/licenses/agpl-3.0.html
-->
<odoo noupdate="1">
    <!-- Diario Itau -->
    <record id="l10n_br_account_payment_order.itau_journal" model="account.journal">
        <field name="used_to_import_cnab">True</field>
        <field name="default_outbound_cnab_processor">oca_processor</field>
        <field
            name="default_outbound_cnab_structure_id"
            ref="l10n_br_cnab_structure.cnab_itau_240"
        />
        <field
            name="inbound_interest_fee_account_id"
            ref="l10n_br_account_payment_order.1_account_template_31202_avoid_travis_error"
        />
        <field
            name="inbound_discount_account_id"
            ref="l10n_br_account_payment_order.1_account_template_32202_avoid_travis_error"
        />
        <field
            name="inbound_rebate_account_id"
            ref="l10n_br_account_payment_order.1_account_template_32203_avoid_travis_error"
        />
        <field
            name="outbound_interest_fee_account_id"
            ref="l10n_br_cnab_structure.1_account_template_511601_avoid_travis_error"
        />
        <field
            name="outbound_discount_account_id"
            ref="l10n_br_cnab_structure.1_account_template_616102_avoid_travis_error"
        />
        <field
            name="outbound_rebate_account_id"
            ref="l10n_br_cnab_structure.1_account_template_616102_avoid_travis_error"
        />
        <field
            name="tariff_charge_account_id"
            ref="l10n_br_account_payment_order.1_account_template_32302_avoid_travis_error"
        />
    </record>
    <record
        id="itau_journal_payment_method_cnab240_out"
        model="account.payment.method.line"
    >
        <field name="name">ITAU CNAB 240</field>
        <field
            name="payment_method_id"
            ref="l10n_br_account_payment_order.payment_mode_type_cnab240_out"
        />
        <field name="journal_id" ref="l10n_br_account_payment_order.itau_journal" />
    </record>
</odoo>
