<?xml version="1.0" encoding="utf-8" ?>
<!--
    Copyright (C) 2022-Today - Engenere (<https://engenere.one>).
    @author Antônio S. Pereira Neto <neto@engenere.one>
    @author Felipe Motter Pereira <felipe@engenere.one>
    License AGPL-3 - See http://www.gnu.org/licenses/agpl-3.0.html
-->
<odoo noupdate="True">
    <!-- Bank Account for partner AMD do Brasil -->
    <record id="amd_bank_account" model="res.partner.bank">
        <field name="acc_number">5479</field>
        <field name="acc_number_dig">8</field>
        <field name="bra_number">6090</field>
        <field name="bra_number_dig">8</field>
        <field name="bank_id" ref="l10n_br_base.res_bank_001" />
        <field name="company_id" ref="base.main_company" />
        <field name="partner_id" ref="l10n_br_base.res_partner_amd" />
        <field name="bank_name">Banco do Brasil</field>
    </record>
</odoo>
