<?xml version="1.0" encoding="utf-8" ?>
<odoo noupdate="1">

    <!-- CNAB Return Configuration -->
    <!-- Diario Unicred -->
    <record id="l10n_br_account_payment_order.unicred_journal" model="account.journal">
        <field name="used_for_import">True</field>
        <field name="import_type">cnab400</field>
        <field
            name="bank_account_id"
            ref="l10n_br_account_payment_order.main_company_bank_unicredi"
        />
        <field name="return_auto_reconcile">True</field>
    </record>

    <!-- Diario AILOS -->
    <record id="l10n_br_account_payment_order.ailos_journal" model="account.journal">
        <field name="used_for_import">True</field>
        <field name="import_type">cnab240</field>
        <field
            name="bank_account_id"
            ref="l10n_br_account_payment_order.main_company_bank_ailos"
        />
        <field name="return_auto_reconcile">True</field>
    </record>

    <!-- Diario Nordeste -->
    <record id="l10n_br_account_payment_order.nordeste_journal" model="account.journal">
        <field name="used_for_import">True</field>
        <field name="import_type">cnab400</field>
        <field
            name="bank_account_id"
            ref="l10n_br_account_payment_order.main_company_bank_nordeste"
        />
        <field name="return_auto_reconcile">True</field>
    </record>

</odoo>
