<?xml version="1.0" encoding="utf-8" ?>
<odoo noupdate="1">

    <!-- Invoice Unicred 400 -->
    <record id="demo_invoice_brcobranca_unicred_cnab400" model="account.move">
        <field name="name">Teste Unicred CNAB400 - BRCobranca</field>
        <field
            name="invoice_payment_term_id"
            ref="account.account_payment_term_advance"
        />
        <field name="partner_id" ref="l10n_br_base.res_partner_akretion" />
        <field name="move_type">out_invoice</field>
        <field name="invoice_user_id" ref="base.user_demo" />
        <field
            name="payment_mode_id"
            ref="l10n_br_account_payment_order.payment_mode_cobranca_unicred400"
        />
        <field name="instructions">TESTE Intruções Boleto</field>
        <field
            name="invoice_line_ids"
            eval="[
            Command.create({'product_id': ref('product.product_product_5'), 'product_uom_id': ref('uom.product_uom_unit'),'price_unit': 100, 'quantity': 10, 'account_id':ref('l10n_br_account_payment_order.1_account_template_3010101010200_avoid_travis_error')})
        ]"
        />
    </record>

</odoo>
