<?xml version="1.0" encoding="UTF-8" ?>
<!--
    Copyright (C) 2022-Today - Engenere (<https://engenere.one>).
    @author Antônio S. Pereira Neto <neto@engenere.one>
    @author Felipe Motter Pereira <felipe@engenere.one>
    License AGPL-3 - See http://www.gnu.org/licenses/agpl-3.0.html
-->
<odoo noupdate="1">

    <record id="group_cnab_constructor" model="res.groups">
        <field name="name">CNAB Constructor</field>
        <field
            name="category_id"
            ref="l10n_br_account_payment_order.module_category_cnab"
        />
    </record>

    <record id="base.user_admin" model="res.users">
        <field name="groups_id" eval="[Command.link(ref('group_cnab_constructor'))]" />
    </record>

    <record id="base.group_system" model="res.groups">
        <field
            name="implied_ids"
            eval="[Command.link(ref('group_cnab_constructor'))]"
        />
    </record>

</odoo>
